"ID";"Degree"
497;0
2754;0
683;0
2777;0
2904;1
3323;1
641;0
3528;0
1883;0
3009;0
2659;0
4461;9
4144;7
452;1
4708;14
1391;0
3707;1
4258;9
4832;10
1776;0
4557;16
1246;0
4856;11
3425;1
3634;1
3241;0
3358;1
3682;1
4482;11
2701;0
3483;0
3112;1
1907;1
4696;8
1969;0
4067;14
1957;0
4299;17
3500;0
281;0
4586;15
3281;1
4585;13
3447;0
1775;1
2756;0
351;1
296;1
4729;17
3333;0
2590;1
2665;0
4385;14
161;0
1956;0
1683;1
963;0
2109;2
1059;0
4699;12
4936;11
3319;0
3645;0
2869;0
1947;1
4654;10
4619;13
744;0
986;3
3889;11
392;0
3661;1
2616;1
1687;0
191;0
3539;0
3771;8
1212;0
372;0
687;0
1996;0
2276;1
2790;1
2417;0
2140;0
1129;2
3683;1
4220;17
4580;13
19;0
1512;0
2473;0
4426;8
2058;0
521;0
3872;11
4567;20
677;0
2380;0
2602;0
938;0
330;0
3789;8
1092;0
3602;2
1731;0
2496;0
193;0
3371;0
4420;16
2084;0
2919;0
218;1
1841;0
890;0
3687;0
2820;0
1;2
764;0
270;0
2353;2
4460;13
1374;1
4292;9
796;0
280;0
2000;0
4718;8
4313;9
2315;0
1666;0
185;2
1379;0
1100;0
2753;0
2441;0
470;0
181;0
3561;2
1777;0
1899;0
3491;0
1612;2
4034;11
1098;2
2416;2
1921;1
3655;0
1844;1
865;0
1835;1
4107;11
1253;1
1217;0
742;1
3466;0
1714;2
156;0
1301;0
4757;7
3116;0
1712;0
919;0
645;1
1361;0
1472;1
4149;11
1797;0
2475;0
4015;11
1020;1
43;1
3005;1
817;2
2534;0
224;0
3117;0
3207;4
4818;10
4177;11
3658;0
1175;0
3284;1
4526;11
2738;1
1448;1
4435;7
1806;0
1830;0
4109;6
4938;9
4864;10
4129;8
4755;12
3979;11
34;1
4681;11
2031;3
2069;1
1941;0
4467;11
3842;8
2626;1
2190;0
3350;1
610;0
2440;0
1195;1
107;0
4607;10
3115;1
1430;0
1862;0
4073;9
2218;0
1604;1
314;1
1062;1
4132;11
1206;1
4035;10
3386;0
3307;0
4115;7
3252;0
4706;9
2236;0
1689;0
2022;0
4276;9
2966;1
2603;0
1787;0
2191;0
2368;0
3452;0
4745;16
1933;0
1036;1
3711;0
3764;13
4847;11
3874;6
4726;8
2381;0
3730;2
4155;14
1378;0
409;1
2993;0
739;2
1172;3
4146;14
4965;8
2261;1
684;1
4773;14
3614;0
816;1
3318;0
4943;11
4878;12
3697;1
2387;1
1894;2
203;0
2457;1
4691;8
4895;10
1013;0
4623;7
769;0
110;1
4170;12
136;1
2936;0
4091;10
2077;0
42;1
522;3
166;0
2943;0
4807;14
2955;0
3198;0
887;2
3900;16
1370;1
2651;1
4218;13
2335;0
1672;1
3485;0
1696;0
450;0
494;1
3804;11
2223;2
2976;0
4497;10
512;0
572;0
528;0
4037;7
2723;0
724;0
14;1
3417;1
798;0
847;0
4165;6
86;0
2684;0
451;0
3524;0
3693;1
4802;10
4707;5
2662;0
4353;15
4328;12
1798;0
843;0
3520;2
2981;0
2823;1
4401;6
4935;7
1090;0
4889;10
622;1
3424;0
4616;8
3030;1
1756;0
4256;12
4890;9
1473;0
4489;10
3494;0
1173;0
3624;0
3769;14
2722;0
4732;14
3344;0
4356;12
1829;1
2683;0
212;0
3506;0
1588;0
4422;20
4721;4
4548;11
1677;1
2506;0
138;0
401;0
952;0
700;0
163;0
4783;15
15;1
3662;0
3464;0
4252;7
1404;0
944;0
3411;1
347;2
3023;0
3782;11
3080;0
866;0
2367;1
2323;0
4274;9
1053;0
2102;0
2238;0
1368;0
1802;1
1119;0
841;0
1452;0
685;0
4996;9
195;0
4099;13
1669;1
4846;11
3974;12
2001;1
3787;9
1167;0
18;0
1751;1
3324;0
552;0
2527;0
983;0
1515;2
2598;0
4668;8
2250;0
4191;4
383;1
4158;12
3395;1
1688;0
178;0
4195;12
549;1
707;0
752;1
2997;2
3992;12
293;0
2150;1
26;2
3959;9
3266;0
3609;0
4305;11
3799;10
2199;1
2860;1
3596;0
1519;0
3265;0
3290;0
3188;1
4953;16
2294;1
2305;0
2113;0
4247;14
2161;2
4166;6
3830;14
3611;0
4074;13
1864;2
3511;0
1692;1
2280;3
4678;8
3021;0
863;0
1628;1
2858;0
1124;0
4917;14
4709;10
4213;9
3274;1
4900;11
757;0
4193;11
3778;12
3139;1
3704;0
1561;0
1584;0
1320;0
1733;1
715;0
1779;2
4421;13
2893;0
1436;2
2061;0
4047;14
4469;6
1566;0
2649;1
557;1
3496;0
3546;0
70;0
35;1
4151;7
69;0
3175;0
4373;13
3490;1
902;0
2945;0
1029;2
2344;1
1838;0
2708;1
4414;8
2642;1
4142;12
1768;0
2436;1
4345;11
3202;0
3103;2
241;0
4758;19
3390;0
4419;13
3921;16
950;2
4405;14
3875;15
3555;1
104;0
423;0
2606;0
3370;0
2485;0
4920;9
3118;0
1557;0
3432;2
3720;1
46;0
2117;0
1832;0
4835;6
2086;0
3788;10
2827;0
480;0
1284;0
4897;12
3220;0
307;0
3590;1
1758;1
4331;11
4492;10
558;0
897;0
2653;0
4573;7
2560;0
4731;11
1443;0
2983;0
3886;16
1038;0
4974;13
4120;11
4880;9
371;1
759;1
2395;0
2035;0
2317;0
169;1
4111;14
4189;8
3670;1
144;0
2091;0
2333;1
3509;2
3270;1
4950;10
4698;14
4452;11
3357;0
1847;0
2737;0
4408;14
3559;0
842;0
543;0
1589;0
3773;10
3689;1
3540;1
1818;0
1660;0
2052;0
3981;15
2067;0
1684;1
2775;0
100;1
3322;1
4547;6
2801;0
3514;0
965;0
4028;5
3498;1
654;0
2792;0
3632;0
3061;0
3675;0
3374;0
187;1
2088;0
1424;0
91;0
4511;15
12;0
2531;1
1235;0
2017;1
4911;18
3070;1
2479;0
3621;0
1607;0
61;2
4393;9
4371;7
2691;2
782;0
4438;10
3228;1
1664;0
1954;1
805;0
389;1
3551;1
121;2
1822;0
1035;1
2698;0
717;0
4215;11
664;1
2999;1
4640;10
2304;1
4343;9
1366;0
2504;1
1232;0
585;2
857;1
4904;12
1755;1
146;1
2405;0
804;1
1048;0
2282;2
3051;0
1965;0
3088;0
4828;6
3006;1
0;0
4578;13
3669;0
1407;0
1903;0
4603;9
4440;0
3978;11
2151;1
2419;0
3205;2
4947;11
819;0
4130;8
2003;1
2935;2
298;0
230;1
4958;5
3593;1
3700;0
1238;0
2006;0
3928;11
1229;0
750;0
1002;0
4455;12
1409;1
3091;1
4188;7
4524;15
2791;1
2202;1
4330;11
1393;0
4740;5
418;2
164;0
2356;1
2303;0
3387;2
1422;0
3268;0
2909;1
1434;1
2210;0
3717;0
3581;1
1465;0
3302;0
1142;1
1675;1
1616;0
3897;12
691;0
1901;0
1888;0
928;0
1056;0
149;1
1094;0
1039;0
3666;0
3081;0
2412;0
1497;1
3304;0
2866;0
3733;0
2437;0
844;0
2359;0
4763;11
3741;0
1794;0
1427;0
3185;1
1707;1
32;0
4765;8
3644;0
2350;1
3557;0
3261;0
2956;0
4205;10
627;0
2369;0
4383;6
1239;0
2071;1
2065;0
1165;0
1030;0
3748;0
3744;0
2234;1
1153;1
102;0
228;0
1534;0
3337;2
3808;8
734;0
254;1
3065;0
1383;0
1123;0
2329;1
2840;1
1487;0
542;1
1224;0
968;0
2902;0
3340;1
3949;13
3636;0
2337;0
3423;0
1858;0
698;0
337;1
1302;0
4560;7
2522;0
323;0
4285;11
207;2
3339;0
2340;2
3776;10
4764;9
4065;11
3394;0
3643;0
4216;6
4018;11
1846;0
1578;0
2550;1
3170;2
3794;6
1546;2
1491;0
1102;1
1538;0
4212;9
2501;0
3160;0
4359;13
4049;9
4542;11
1791;0
84;0
294;1
790;0
4187;11
1887;0
1748;0
2197;0
1821;1
3330;1
2132;2
567;0
1252;1
4104;13
2334;0
789;0
1495;1
2526;0
4443;15
669;0
356;1
4837;8
1710;0
2474;0
31;0
357;0
3189;0
3470;0
2782;0
2311;1
3110;1
3739;1
2854;1
1543;0
4221;13
3050;3
3441;0
4052;5
363;1
1196;0
2098;0
2227;0
1752;0
4727;9
3879;13
2269;0
917;0
411;0
818;2
2838;0
1949;1
1741;1
4161;14
947;0
1049;0
1461;2
2136;1
3373;0
3427;1
987;0
4498;9
2532;0
3819;10
1668;1
551;0
3184;1
1678;0
667;1
1033;1
4230;8
2693;0
3421;1
176;2
2230;0
3055;0
3722;0
3751;6
455;0
550;1
3085;0
2580;1
3617;0
2950;1
3625;0
2982;0
774;0
2799;2
4154;15
1993;1
3565;0
3668;0
3249;0
4514;13
180;1
1464;1
2439;0
1214;0
4695;8
2458;1
4903;8
600;0
4272;8
2632;0
4625;9
1975;1
1121;1
131;0
251;1
256;0
4337;11
3034;0
2802;1
4871;6
768;0
596;0
1101;1
1598;0
4529;10
2992;1
1552;0
3428;0
4525;8
3837;7
2607;0
413;0
1477;0
4614;15
4106;17
3505;0
2970;0
4263;8
2106;0
891;0
3572;0
945;0
2156;0
899;0
4112;10
1625;0
302;0
3532;2
240;0
1739;0
2422;2
3135;1
3807;12
3902;7
3569;1
4031;10
4032;11
1627;0
141;0
2243;2
4307;15
1122;2
1380;0
1667;0
4325;10
2718;2
2116;1
483;0
970;0
3026;0
3734;0
825;0
2472;0
2513;0
922;0
3351;1
726;0
1800;0
4961;8
3545;1
3263;1
4175;14
1143;1
3468;0
3379;0
4375;10
2587;2
1998;0
1078;1
662;0
584;0
1353;0
85;0
1074;0
3825;5
303;0
95;1
2640;0
3079;1
3553;0
4156;10
3824;9
1906;1
2167;0
1068;1
4636;13
3810;13
1916;0
3754;6
3180;0
1904;1
1871;2
3475;0
3575;0
3749;0
4742;5
4615;16
2029;0
3759;13
1267;0
2038;0
327;0
4589;12
2834;0
1034;0
3016;0
225;0
2918;0
2460;1
510;1
785;0
2714;1
3918;12
1095;0
1985;0
716;1
2700;0
4665;10
1082;0
3200;0
1880;0
1431;0
4424;7
168;0
235;1
4248;6
620;1
1470;1
2655;1
1853;3
3181;1
3237;0
3443;0
2871;1
438;1
4957;8
2949;0
751;0
2764;1
2332;0
4384;6
2953;0
1240;0
2996;0
2891;0
823;0
2073;0
1242;1
2619;0
2586;0
749;0
2020;0
2382;0
989;0
2968;1
3403;0
4157;7
3393;1
112;0
4868;6
487;0
436;0
3406;0
2164;1
870;0
1989;0
3105;1
255;0
28;0
3529;3
391;0
4629;11
1358;0
2597;0
3422;0
972;0
2717;0
486;1
589;0
2131;0
2865;1
152;0
4912;11
1919;2
4789;13
2445;1
682;0
3489;0
4870;10
3703;2
4022;8
909;0
1581;0
814;0
2225;0
4767;12
261;1
2593;0
170;1
4338;7
504;1
4162;9
2713;0
1103;1
364;0
1365;1
444;0
591;1
322;1
3533;0
3894;8
297;0
1527;0
3153;1
4660;7
3444;0
2467;0
2325;1
770;0
2709;0
1574;0
3385;1
2558;1
1570;0
3899;9
328;1
2822;0
1898;0
194;0
2226;1
2185;0
4431;10
4239;9
262;0
3097;0
3361;0
3649;0
859;0
3164;0
1720;0
2576;0
2670;0
2894;0
1502;0
1303;1
4703;11
1137;0
4265;11
574;0
4782;14
2678;0
809;0
2998;0
2130;0
3099;0
4688;10
2972;0
4174;12
1745;0
2400;1
3995;12
1089;0
2401;3
3458;0
3721;1
929;0
2351;1
3376;0
582;1
1501;1
2988;0
4857;13
4087;10
2220;1
1316;0
3895;10
4143;13
4571;10
4719;8
2346;0
1790;0
656;0
53;0
1518;0
1044;0
3388;0
3812;13
4061;8
97;0
3718;0
976;0
2024;0
2712;0
493;0
2328;0
3007;1
4062;11
2946;0
758;0
3294;1
3859;3
2159;1
2354;0
830;0
3238;0
1896;0
839;0
3956;7
2123;0
3852;15
4169;13
3254;0
111;0
9;1
1343;0
4192;10
4121;9
2746;0
2566;1
4072;10
4066;6
613;0
1596;0
22;0
3460;1
3772;7
1624;0
4260;6
2072;0
1377;0
24;2
4685;13
2432;1
183;0
855;2
2932;0
3820;11
681;0
3368;1
301;0
2804;3
4606;10
3578;1
4602;8
1540;1
3839;18
2561;1
1918;0
875;0
3784;11
1017;1
3937;4
845;0
2168;1
3147;2
2249;0
4751;9
874;0
1376;0
3989;12
1262;0
3604;0
1852;1
4992;14
3019;0
3934;9
3211;1
2442;1
546;1
2643;1
4976;9
1208;1
1783;0
541;1
476;3
2248;0
498;1
1990;0
8;2
2319;0
310;0
4530;10
4059;17
2192;0
3315;1
4931;7
3904;5
565;0
2370;0
3199;0
1658;0
4266;18
2408;0
3801;10
4463;10
2163;0
611;0
2543;0
1079;0
3523;0
2383;1
714;0
2810;0
4723;15
861;1
2767;0
619;0
3022;0
3078;1
263;1
1237;0
2492;0
348;1
3499;0
1507;1
2290;0
125;0
2991;0
2851;0
1744;0
1746;0
4433;10
1530;0
625;0
812;1
4506;10
4995;8
2176;0
2942;1
4901;11
1312;1
4464;12
305;0
4064;4
906;0
2283;0
2623;0
274;1
4836;11
1757;1
4232;16
3037;1
2482;0
3681;2
98;1
4043;15
1325;0
3316;0
4172;11
2781;0
2339;0
495;0
4366;10
3206;1
4693;10
2910;0
2177;1
1978;0
1804;1
741;1
288;1
966;0
4196;11
115;1
799;0
996;0
4045;5
2214;3
880;2
2973;1
960;1
2752;1
36;0
1245;1
4016;16
3260;0
4131;17
2618;1
1620;1
4823;8
3397;0
253;0
802;0
3276;1
2876;1
3176;0
2273;1
1176;1
4012;14
1723;1
3090;0
3297;0
2062;0
4648;14
2119;0
505;1
396;1
732;0
365;0
2076;0
2488;0
4479;16
2636;2
671;0
3811;13
426;0
2503;1
2331;1
2254;0
2505;0
52;0
94;0
3267;0
1332;0
4954;14
4987;11
808;0
1278;0
1738;0
1415;1
3567;2
967;1
403;0
219;2
1608;0
3770;9
701;2
3437;0
2961;0
4108;7
2545;0
4456;10
884;1
2032;0
3355;0
3941;11
4993;10
3613;1
3985;11
2551;0
577;0
1064;0
2137;0
675;0
3598;3
1139;0
3348;1
4044;15
1994;0
697;0
3382;1
2639;0
3994;8
4075;10
936;0
519;0
4504;10
1769;0
2253;0
1256;0
4730;12
1982;2
4269;14
1110;0
1671;1
4251;6
1299;0
2465;2
3508;0
1207;0
2498;0
644;0
1508;0
2260;0
4852;10
3209;1
484;0
2174;0
1876;1
1043;0
3125;2
4523;15
3195;1
2967;0
1342;1
474;0
2390;2
1908;4
29;0
1753;1
3860;8
3826;6
663;2
3738;0
3062;0
1052;0
1524;0
2235;0
2769;0
4137;13
1681;0
1428;1
4738;13
720;0
4545;11
4627;7
4279;14
415;1
1613;0
2815;0
2555;0
1711;0
946;1
1575;1
1513;1
1135;0
3271;0
1300;1
3885;11
1359;1
2681;2
4611;6
3434;1
3927;17
4400;17
2686;0
1657;0
4036;14
2933;1
831;0
2447;1
1269;2
2844;2
405;0
2938;0
4986;9
1200;0
788;0
1456;1
926;0
2483;1
2171;0
3726;1
496;0
1341;0
4084;11
4839;9
229;0
1635;0
1732;0
2215;0
4200;10
4026;6
1111;0
267;1
3040;0
2776;0
4941;8
4411;9
1454;0
2628;2
2037;0
1893;0
2516;1
2494;0
3695;0
1096;0
3857;16
1373;1
2470;0
264;1
205;0
4658;10
4538;10
3229;0
4536;10
1174;0
4288;11
1704;0
3742;0
4639;8
1251;4
4403;7
2007;0
566;1
1861;0
3678;0
801;0
3122;1
1968;0
4860;11
556;1
2042;2
3033;0
1489;0
1014;1
4553;8
4114;7
4792;7
3106;1
2425;1
771;0
1772;0
4824;13
329;0
3177;0
3129;1
1019;1
1490;0
4720;11
1991;0
2341;0
609;0
1614;0
1227;0
167;1
730;0
2231;1
2365;0
3783;7
3308;0
957;0
3151;0
338;1
535;1
711;1
1932;0
2699;1
4234;12
208;0
2247;0
406;1
3674;0
3526;1
2251;1
482;0
3329;0
1467;1
3580;0
4673;12
4651;12
657;0
3910;11
4966;11
1520;1
2567;1
2599;0
128;1
3014;1
4809;8
3446;1
174;0
4978;12
4552;14
3803;11
2406;1
4286;10
961;0
1845;1
3933;8
3359;0
3372;0
4378;10
4798;9
3407;0
2832;2
3262;0
304;0
2268;0
2399;1
2874;0
4134;12
367;0
753;1
3449;0
3208;1
3480;0
1631;0
2842;0
2259;1
3027;0
1329;0
1503;0
3633;1
4063;9
4477;11
3603;1
341;1
679;1
1179;0
3183;1
295;1
1718;0
2631;1
3652;1
2762;1
2169;2
3805;14
2036;1
3715;1
3246;0
4682;13
1070;0
1075;0
2817;0
1086;0
350;1
1357;1
1747;0
4933;20
467;1
3915;11
3913;13
182;0
4819;11
848;0
718;0
4007;3
3015;1
4439;8
849;0
873;0
2824;0
3186;0
2490;0
4423;8
4550;13
4410;6
2582;0
4733;10
709;0
3673;0
79;1
3908;9
2449;0
4840;11
4711;8
3940;13
3226;0
860;0
4741;14
1455;1
640;0
2784;0
2345;2
4407;10
4357;12
2877;0
485;0
41;0
3413;0
1462;0
289;0
4502;12
1630;1
3224;0
361;0
2578;0
1781;0
2413;0
2493;0
3093;1
4301;15
3131;0
2807;1
3582;0
982;0
3935;12
2641;1
3317;0
4704;12
431;1
561;1
563;0
4347;7
704;0
628;0
317;0
3072;2
306;1
1597;1
4786;14
2592;0
4694;13
3663;0
2863;0
1682;0
4597;12
3851;11
1680;0
3761;16
639;0
1457;0
4080;14
1653;1
2575;0
3445;1
3399;0
1817;0
1339;0
2041;1
3585;1
4105;13
2645;0
462;1
3309;0
810;0
765;0
2389;1
441;0
1766;0
4021;6
3311;0
2986;0
2495;0
1011;0
3075;0
1713;1
1168;0
287;0
647;1
215;0
4810;7
1254;2
1953;1
2861;0
490;0
4009;9
2428;2
2829;0
586;0
1586;1
2237;0
2673;0
3029;0
3535;0
544;1
516;1
210;0
3462;2
3269;0
4932;11
354;0
910;1
4814;10
4645;19
4124;12
1324;0
3073;0
4321;7
1093;1
189;1
2431;0
3478;1
1405;0
3513;0
4125;7
3991;9
2010;0
184;0
2796;0
4680;7
4509;8
531;0
951;0
3025;0
1872;0
4314;19
2843;1
1760;0
979;0
1771;1
3630;1
4284;10
545;0
4785;10
2875;0
4493;7
2721;0
2835;1
4186;16
877;0
1081;0
971;2
3537;1
2732;0
1900;0
2127;0
3999;8
520;3
3243;0
2456;0
949;0
2668;1
767;0
244;0
155;1
2850;1
3356;0
1725;0
4756;5
959;0
3588;0
2766;0
4027;9
3591;1
3219;0
387;1
4358;8
3314;2
1185;0
903;2
318;0
3342;0
172;0
4842;17
2856;0
213;0
4697;7
1435;1
1730;0
4224;7
3250;0
1699;1
148;0
653;0
3060;1
4940;14
1027;2
527;0
2745;0
4273;10
1920;1
2937;0
249;0
838;0
2114;1
4441;6
1984;0
1441;1
629;0
3574;0
1433;0
530;0
1050;2
3232;0
2634;0
4253;8
2565;1
2154;1
1459;0
3456;1
776;0
2979;0
3258;2
2347;0
4724;13
3366;1
3053;1
3964;10
4605;9
3821;15
2951;1
109;0
1307;1
315;0
3273;1
209;0
994;1
3453;0
1914;0
672;0
74;0
4222;13
3178;0
4884;12
4057;6
3629;0
1537;1
3095;0
2289;0
1479;0
912;1
1740;0
615;0
4827;7
3651;0
394;0
2180;0
4990;12
4975;13
1767;0
2179;1
1995;1
2178;0
4237;7
2410;1
2694;0
4245;12
4862;12
3916;10
3405;0
2377;0
2015;0
2338;0
3719;0
4604;8
3067;0
1250;0
3431;0
3190;2
471;0
1223;0
2213;0
4243;9
4649;5
3501;0
4608;8
694;1
3213;1
2262;1
2847;0
202;0
1060;0
1823;1
4204;17
3849;5
461;0
2409;2
2464;2
2608;0
4800;7
3233;0
4123;17
2852;0
931;1
443;1
3;0
4546;8
283;0
379;0
2730;0
1592;0
4520;12
4333;14
1178;0
913;0
1656;0
1105;0
3601;0
4219;13
3165;0
2008;1
3818;14
3042;0
3408;0
466;0
4593;6
3986;6
4058;15
1076;0
3353;0
1230;0
4815;14
1154;1
4262;6
834;0
4458;3
2672;0
3954;16
3039;0
2541;0
4994;9
1426;0
1289;1
124;0
3442;0
3504;0
488;0
2625;1
4632;11
1045;1
2630;0
1761;0
1108;0
2588;0
4752;9
871;1
4926;13
3277;1
2083;2
4838;14
2196;1
4227;10
3962;16
3173;0
3257;1
2914;0
4569;12
1719;0
4006;9
2484;0
517;1
1913;1
4003;6
2272;2
3148;2
907;0
1186;2
1702;0
1169;0
3688;2
3414;0
3341;1
385;0
239;2
275;0
4784;8
2908;1
3279;0
2402;0
729;0
4448;10
2450;2
575;0
2517;0
2821;0
2880;1
2808;1
660;0
4692;12
990;1
1909;1
3846;11
1878;0
3338;0
562;0
1065;1
3606;0
836;0
1569;0
1099;0
4198;14
4023;13
1480;1
33;0
2922;1
3814;11
2846;1
3724;1
719;0
4484;9
569;1
576;0
731;0
1514;0
27;0
1934;0
3723;1
3525;1
1170;1
4913;9
2374;0
4518;7
1665;0
2221;0
4377;12
1615;0
344;0
1348;0
2969;0
4349;10
3312;0
690;0
4317;6
630;0
3145;0
2862;1
3659;0
1709;1
3503;0
1007;0
2239;0
134;0
2524;1
4881;8
1257;0
824;1
2547;0
1202;0
1644;0
1157;1
4442;10
68;0
3138;1
2744;0
1273;0
47;0
4289;5
571;0
3980;8
4588;11
1225;0
417;0
1042;1
2306;1
2690;0
4402;7
2135;1
1500;2
4113;8
130;1
4628;8
674;0
1077;0
410;0
1004;0
217;0
4564;7
4906;6
3222;0
3136;1
1354;0
934;0
4944;12
538;0
2204;0
4202;7
554;1
4830;13
378;1
1623;0
1774;0
2172;0
2899;0
4020;12
1463;1
1319;0
1181;0
4799;11
2361;0
3631;0
197;2
2396;0
3126;1
4863;8
762;1
4891;16
2811;1
747;0
2906;0
2275;2
4714;20
4038;7
964;1
140;0
3264;0
3172;0
670;1
1188;2
4088;13
3392;1
1951;2
1313;1
4942;11
51;0
3877;11
3215;2
3901;13
1009;0
597;0
626;0
116;1
1831;0
142;0
2284;0
291;0
320;1
309;1
4539;10
3863;17
728;0
1629;0
4367;9
1259;0
1807;0
4801;12
3158;1
1902;0
2828;0
4775;14
1063;0
601;3
784;2
646;0
1012;1
75;0
4712;13
402;0
3380;0
1419;0
4101;9
1563;0
2774;1
4209;8
3990;15
2620;1
2363;0
4013;11
4596;16
1403;0
2245;0
81;2
4244;8
4160;8
1219;0
3235;1
4907;11
3347;0
1410;0
606;0
4845;9
4643;15
1203;0
196;0
4496;11
3982;14
3288;0
325;0
248;0
2049;0
4690;14
3063;0
1231;1
4713;11
3396;0
1005;1
658;1
3167;1
151;0
1220;1
475;0
4361;8
2660;1
1698;2
2715;1
3896;9
126;0
4659;12
4671;6
1834;1
2923;0
3451;0
4997;17
3951;8
3285;1
702;2
3729;1
1429;1
2813;1
2987;0
3212;0
3109;0
1210;0
1183;0
2211;0
4046;8
614;0
1795;1
2682;0
3931;13
1345;0
1694;1
10;1
4453;13
80;2
882;1
3792;12
3306;1
1201;0
45;1
2870;0
872;1
1055;0
2021;0
66;1
2707;0
1032;0
1286;0
733;0
1708;0
160;1
616;1
3389;0
914;0
4344;7
3737;1
1837;1
760;0
1109;1
3798;8
1160;1
3853;13
4582;19
3947;10
1610;0
4556;12
878;2
4647;10
1022;1
1640;0
23;2
1929;1
3920;5
2318;1
3418;3
2725;0
618;1
2034;1
2913;2
4322;7
1927;0
2263;3
853;3
1735;0
3948;9
1602;0
4454;17
2324;1
4779;12
3248;1
3134;1
2747;0
1606;0
4;0
260;0
1260;2
4590;13
1946;1
2888;0
67;0
1337;1
2622;0
736;0
3130;1
515;0
1336;0
4686;13
4312;7
4264;11
3892;8
3566;0
3967;9
4323;9
636;0
806;0
4622;10
2207;0
2209;1
2512;2
1291;0
3579;0
4293;13
2952;0
506;1
1651;0
4544;6
4332;9
2884;0
1649;0
362;0
2298;0
1133;0
4329;8
1236;2
4734;13
1870;0
2818;1
2466;0
4395;14
1115;0
64;0
3465;1
2571;1
975;0
2676;0
3648;0
3560;2
918;0
1088;0
2308;0
3010;0
4674;12
1460;0
2212;0
3036;0
1915;0
2579;0
560;0
1305;1
2144;0
3963;12
1161;0
1412;0
3671;0
3299;0
1987;0
3440;0
1773;0
3713;0
4351;13
781;0
4471;16
4637;11
1384;0
927;1
4311;15
3781;9
4098;10
815;1
2928;0
1866;2
1281;0
1003;0
3795;11
2803;0
4600;16
1156;0
2129;0
3641;1
469;0
439;0
602;0
4725;15
3043;1
1211;0
2115;0
2901;0
433;0
858;1
3531;1
4663;6
342;2
2564;0
2650;2
4320;12
1469;1
3727;0
4171;16
2012;0
4633;8
1873;1
4290;13
1609;1
621;1
721;1
1940;0
3416;1
2556;1
1528;0
4816;11
1264;0
794;0
1663;0
2724;0
3731;1
2569;0
2266;0
1349;0
3932;9
2312;1
2785;0
4533;10
1715;0
3996;13
2094;0
1594;0
4584;11
2544;0
3383;0
1270;0
3768;12
4702;13
3653;0
2181;1
1970;1
4271;17
4728;13
345;0
459;0
3882;20
2407;0
4781;13
2497;0
3626;1
1016;0
2468;0
795;0
1423;0
3864;11
3519;0
3155;1
573;0
1442;0
137;0
2677;0
1486;0
2663;0
3957;14
4735;10
2760;0
4522;9
523;0
1646;0
3402;0
3790;12
4342;10
4086;12
2518;0
854;0
3767;11
4972;10
2529;0
76;0
864;2
4203;15
1010;0
2446;0
4761;12
648;0
2583;1
4613;4
1140;0
2772;1
4826;15
4483;10
1910;1
2845;1
911;0
3983;9
833;1
491;0
1218;1
2930;0
1073;2
553;0
145;0
1061;0
123;0
258;0
1040;0
3518;1
54;0
4772;9
807;2
1397;0
2528;0
4374;15
2568;2
1438;1
1117;1
1458;0
1587;0
3610;0
4103;9
4592;17
237;0
2637;1
4339;14
1177;0
4743;6
4197;9
3542;0
2320;0
3686;0
1215;0
1890;1
710;0
1973;1
430;1
1917;0
4362;8
489;0
266;0
1481;0
3083;0
477;2
2252;0
4771;11
1972;2
3716;0
3806;16
3003;2
4916;9
2420;1
4744;7
4641;14
2056;0
4650;8
4304;7
358;0
1892;1
3929;8
1654;0
4425;9
3868;8
1648;1
3331;1
4513;10
3972;7
503;0
3873;14
745;0
1716;0
4001;8
659;0
4675;8
4576;11
743;1
1400;1
1265;0
3435;0
1809;1
472;0
1333;0
1295;0
2674;2
2224;1
1525;0
2391;0
889;0
3679;0
3364;2
2507;1
2826;0
4268;10
21;1
1390;0
56;0
4184;10
1024;1
2427;1
695;1
1703;1
2743;2
4485;13
1539;1
3223;0
1974;1
3906;8
605;0
2612;0
2989;0
2307;0
4128;11
242;0
3850;13
4867;15
2574;1
991;0
4777;7
90;0
4082;13
3647;1
820;0
2591;1
2424;0
2671;0
4397;13
3326;0
4147;8
340;0
3699;0
1356;0
4617;9
157;0
2110;0
2342;0
3295;0
832;0
1451;0
580;1
3793;14
3497;1
3296;0
4676;6
980;1
4490;6
2855;0
4386;8
2873;1
4969;11
1222;0
1930;2
4581;6
2635;1
4141;12
2124;2
2357;0
2830;0
981;1
1911;0
324;1
737;0
4071;8
3907;11
1842;0
1865;0
1416;0
3584;0
984;0
4599;13
4069;4
3419;1
3691;1
4985;13
4620;11
1577;1
2051;1
2685;1
603;0
2962;0
1670;1
377;1
680;2
1855;0
2452;0
3623;2
4642;13
3363;1
3950;9
1686;2
1816;0
2508;1
4005;10
1736;0
1550;1
4369;6
4804;11
3708;0
326;0
1585;1
1655;0
1977;0
96;0
2584;0
4335;9
3057;0
1166;1
1582;0
1638;0
2797;0
4379;10
3141;1
3905;9
2158;0
4389;12
4381;13
2868;1
2980;2
4394;17
4178;14
1532;0
3481;2
4594;17
1468;0
1350;3
1187;0
3698;1
3127;1
2726;0
1819;0
1784;1
3171;0
4892;11
4309;11
699;0
1542;0
71;0
177;0
1948;1
284;0
2703;1
4298;8
3858;10
1018;0
464;0
3365;0
2521;0
1194;0
4924;8
1517;0
319;0
2761;0
705;0
3865;10
1311;0
3510;0
1685;1
4967;12
4164;12
1000;1
1182;0
3903;13
48;0
2002;1
4277;10
4444;12
587;0
1268;2
232;1
3227;1
2364;1
3881;10
635;1
143;0
2638;2
4700;11
2352;0
1811;0
3234;1
1447;1
2934;0
4535;13
2644;2
868;0
2500;0
3367;0
2039;0
883;0
693;0
1051;1
3409;1
2654;0
2853;0
511;0
3433;0
343;3
502;0
421;1
4877;13
2837;1
2963;0
2378;1
4583;15
3454;0
4436;13
2448;2
4242;12
2896;0
2741;0
2931;0
3236;1
539;1
437;1
465;0
4354;7
3293;0
1843;0
2277;1
4519;10
1130;0
1590;0
1945;0
4004;11
1691;0
2050;0
2183;1
259;0
4516;12
1979;0
1591;2
962;0
3047;0
3637;0
2965;1
1493;1
1221;0
3008;2
1216;0
773;0
779;0
4861;10
948;0
3448;0
4392;11
4348;15
3156;1
3760;9
4791;7
2735;1
2373;1
3746;1
1765;0
89;0
3327;1
1601;0
424;1
2727;2
3420;1
4476;9
1593;2
1097;0
336;2
2523;1
1937;1
746;0
4070;12
3538;1
3054;1
725;0
243;0
3114;0
1184;0
2404;1
2030;0
666;0
985;0
2206;0
3562;0
696;0
3638;0
4413;19
1054;0
1504;1
4834;7
4939;15
4631;11
2879;0
791;0
2554;1
2362;0
4355;13
1389;1
4984;9
4211;15
3571;1
463;0
1355;1
3654;0
3101;1
4365;11
3797;4
384;1
4306;11
588;0
3049;1
4882;11
4133;10
4946;15
1793;0
1935;0
1939;1
2751;0
3157;1
4281;14
2033;0
3381;1
4595;7
4148;10
4182;8
735;1
3970;8
129;0
1401;0
3833;12
399;0
173;0
4451;8
4468;7
3765;10
2435;0
3217;1
4083;13
888;0
4925;7
1700;0
1279;0
840;0
321;0
369;0
930;0
3020;0
3694;1
1399;1
3763;9
4396;14
2287;1
2887;0
3847;11
4478;14
113;0
3231;1
4077;6
2026;2
3486;0
2740;0
2095;0
3162;0
3298;0
4465;19
1869;0
4457;7
3107;1
4270;14
4100;13
1482;0
1293;0
3599;0
456;2
570;0
766;0
2013;0
1449;0
1645;4
1922;1
1466;0
3098;0
754;1
3203;0
2975;0
2104;0
852;0
3378;0
2087;0
3345;1
850;2
4626;11
1828;1
1247;0
1526;0
3120;0
4475;16
1006;0
3712;0
2581;0
3976;16
2570;0
4970;11
924;1
1128;0
3667;0
2831;0
1372;0
2805;1
1548;2
4747;11
921;0
4652;8
3536;0
3780;13
3650;0
4019;17
3854;12
1881;0
3426;0
3861;11
1116;1
2680;0
1641;0
642;2
3925;9
4914;7
247;0
2090;0
813;1
925;1
3977;12
4510;11
2536;0
3247;1
3482;0
3024;0
2882;0
1381;0
2463;0
2316;0
2281;1
2720;0
2594;1
2903;0
4095;11
2990;1
2833;0
1118;0
2549;1
2573;0
2656;2
3041;0
4406;14
3656;0
4364;8
3192;0
132;1
1924;0
265;0
4963;11
2814;1
1551;1
885;0
3710;1
4888;18
2696;2
2515;0
1859;1
2885;1
2005;0
3924;11
4664;7
4945;14
44;0
1474;0
1385;0
269;0
3292;2
2519;1
4822;13
1617;0
2763;1
723;1
1603;1
1057;0
3161;0
2857;1
579;2
2074;0
3938;14
3332;2
2646;0
3878;10
2186;0
3289;1
4570;6
4749;9
2430;0
4450;6
1600;0
1636;1
2502;1
4053;7
1788;1
4434;4
1786;0
559;1
1192;1
4753;10
3457;0
1244;0
4679;13
2279;1
1085;1
3320;1
4716;13
1632;0
3880;16
540;0
3548;0
555;0
1021;0
1106;1
4587;7
422;1
886;0
2372;0
2327;0
1986;1
3550;0
395;0
1213;2
3493;1
4689;19
1364;0
3194;1
2082;0
1759;0
3467;0
4350;9
1742;3
3048;0
800;0
3076;1
2046;2
1679;0
1113;3
2800;0
1825;2
3325;0
4952;9
2064;0
1387;0
2907;2
3522;0
3144;1
3747;1
2705;1
900;0
1446;2
1309;1
2143;2
3488;0
4206;9
1344;2
4002;20
1484;0
1778;2
2108;0
2757;2
1444;0
1163;0
3255;0
2836;0
1726;0
1127;1
748;0
3084;1
2385;0
3665;0
1634;0
4849;4
3140;1
238;1
446;0
1132;1
3952;13
386;0
2520;1
390;0
226;0
1340;0
4150;10
1112;0
3714;1
106;2
904;0
2134;0
3124;0
4303;9
3035;1
3410;0
276;1
2300;0
1015;0
4638;6
1785;0
786;1
1031;0
2444;0
1567;0
1241;0
661;0
1288;0
3965;15
3642;0
4051;10
2078;1
2025;0
2917;1
3334;0
2605;0
708;1
1318;1
2816;0
932;0
2540;0
4677;15
2322;0
2548;1
1107;1
2366;0
803;0
1432;1
755;0
158;0
3796;10
2511;1
4770;9
828;1
4079;8
460;0
3179;0
1478;1
867;0
4388;19
3517;0
1511;0
1626;0
2255;0
1234;0
1650;0
4267;10
4669;11
432;0
3936;14
2343;0
3577;1
2152;0
3218;1
4667;6
2476;1
4319;18
133;0
2675;0
3945;10
3676;0
1330;1
4833;11
1803;1
3159;0
4110;9
1737;0
1327;0
3544;0
2461;0
1046;1
2959;0
3187;2
4601;11
548;0
4054;16
65;0
353;0
4488;10
2200;1
1827;0
1573;1
434;1
4376;7
2768;0
954;0
2079;0
4008;12
1782;1
4579;12
1611;1
231;1
1815;0
3239;1
4902;11
58;0
159;1
592;0
108;0
915;0
3612;0
652;1
3943;10
1371;0
2739;0
2205;0
355;0
2617;0
4336;12
4908;16
4795;5
1152;0
727;0
3705;1
3586;0
4776;5
2434;0
2060;0
4090;10
1770;1
3834;10
1369;0
4291;7
2787;0
2386;2
4085;14
4808;7
1618;0
2242;2
892;0
2716;0
2258;0
4491;13
2601;0
3438;0
4427;8
1562;0
3349;0
4635;10
4238;13
4555;14
3512;1
3961;9
638;0
973;1
2985;0
578;0
4634;9
851;1
1884;0
3664;2
2793;0
583;1
4893;10
713;0
1047;0
4930;17
869;0
4876;15
2286;1
673;1
1276;1
4715;11
4825;11
4672;10
722;0
4432;11
2984;0
3336;0
2048;0
2812;0
2360;0
3089;1
1510;0
3455;0
3123;0
3975;14
1661;1
581;0
2403;0
3583;1
4717;6
83;0
1475;0
4797;3
2256;0
1729;1
4173;4
763;0
2371;0
2491;1
1891;1
4159;13
1425;1
3412;1
3587;0
1808;0
1599;0
2414;1
777;0
1145;0
2288;1
1338;1
2487;1
1248;0
1388;0
1860;0
846;2
1402;2
2469;0
82;1
2704;1
2398;0
4964;8
4701;12
2557;0
4368;12
1580;0
442;2
4282;7
1558;0
2915;1
1144;1
2798;2
3391;0
1964;0
3554;0
4138;9
3997;6
3888;15
78;0
4117;16
4927;5
4537;7
1944;0
3743;0
2112;0
77;0
3152;0
3547;0
1199;0
1321;0
3800;10
3828;8
1071;0
881;1
39;0
4512;11
2438;0
4910;13
4760;9
447;0
3969;6
1326;1
1734;1
6;1
4896;10
2240;0
3809;12
2093;0
1328;2
1810;0
250;0
3321;0
4790;8
712;0
3616;0
4646;12
2794;0
4979;15
1282;0
3960;9
448;0
3182;0
4092;5
4507;16
2145;1
1706;0
206;0
273;3
4466;14
13;0
4278;12
1967;0
706;1
3094;0
3791;14
792;1
3430;0
2310;1
2099;1
4898;11
1826;0
1162;0
514;0
2459;0
2009;0
2542;0
479;1
2773;0
1395;0
2749;0
3840;8
2920;1
1533;0
3939;5
1367;0
1988;0
216;0
4233;14
1285;0
4446;6
2004;1
2111;0
4235;12
360;0
637;1
4185;10
3779;15
780;1
3570;1
2905;0
2614;0
4559;13
1722;0
941;0
2376;0
956;1
2533;1
4656;7
655;0
3362;1
3415;0
221;0
4562;18
4869;4
4287;16
1315;0
4152;13
2397;0
352;0
793;0
3898;10
1294;1
1150;0
2689;1
738;0
939;0
481;1
4621;4
407;0
222;0
4662;13
2994;1
676;0
2125;2
2621;0
1960;1
1605;0
2455;0
3492;0
2667;1
2184;0
4624;18
4977;20
1347;0
4609;15
1104;0
2141;1
2825;0
992;0
2451;0
999;0
4474;12
1297;0
3942;6
955;1
25;1
55;0
1209;0
2731;0
4102;12
4481;12
1925;0
876;1
1971;0
1857;0
1180;0
1363;1
2170;0
1417;0
3146;0
2666;0
1693;1
16;2
1159;0
937;0
1999;0
2765;0
3725;0
3836;6
4844;14
2217;0
1805;0
5;2
3728;0
1943;0
2789;0
4793;13
4817;11
2546;1
4973;15
4382;10
3028;0
835;2
2246;1
272;1
3436;1
3214;1
4116;11
4275;13
2530;0
2499;2
454;1
1619;1
4416;16
1191;1
2023;0
1263;0
649;1
4145;5
398;1
1962;0
4250;9
2297;0
2285;1
1897;0
2755;0
2627;1
4214;13
1959;0
564;0
331;0
2940;0
3946;7
4324;14
4610;18
2016;0
3646;1
2293;1
1310;2
1496;2
1439;0
3576;0
2958;1
4326;9
1961;0
4398;10
4449;9
3303;0
3600;1
2912;0
4445;9
4048;12
4666;12
2927;0
4459;12
1375;0
3944;8
1980;1
1193;0
1556;0
4225;11
4246;8
4139;9
643;2
3104;0
1875;2
4194;12
3004;0
290;0
4746;15
524;0
3589;0
4078;9
3369;0
4249;10
4494;12
4240;7
277;0
445;0
4780;11
1659;0
1521;1
4736;13
1352;0
199;0
204;0
893;0
1334;0
4302;9
4774;9
3762;15
4346;10
4014;10
3829;14
3002;0
154;0
1083;0
1559;0
3753;8
4199;12
4391;15
2778;0
3360;2
4574;8
3011;1
633;0
478;1
2097;0
4207;10
1522;0
1554;0
513;0
2336;0
2661;1
3056;0
920;0
1084;0
4097;5
2043;0
57;0
1553;0
2577;0
3193;1
4030;16
4883;11
2878;0
2198;1
4778;8
3310;1
1323;1
2481;0
4934;12
3917;10
4380;14
2054;0
4050;13
1544;0
3620;0
3429;1
2553;0
4962;11
73;0
916;1
2194;1
3521;1
1886;1
1762;0
2471;5
4241;6
4568;13
896;0
998;0
2795;0
2358;0
2027;0
3998;11
2443;1
162;1
3802;7
4473;10
2265;0
901;1
333;1
1531;0
40;0
623;0
3000;0
4280;10
3608;0
1997;0
3622;0
388;0
2232;0
1158;1
4821;15
4971;11
4874;7
632;0
3816;10
4873;5
1721;0
4327;5
2552;0
3815;8
1931;0
1494;0
393;0
2222;0
2103;0
1724;0
408;0
2611;0
783;0
227;0
4515;12
3169;0
3684;1
894;0
1728;0
1814;0
4612;12
4472;10
2309;0
201;2
2330;0
4024;13
2059;0
4259;12
1280;0
1673;0
1205;0
4418;17
4122;5
4183;6
2228;0
2011;0
943;0
3069;0
3450;1
500;1
175;0
1072;0
2977;1
3966;8
1633;0
4437;3
1958;0
2759;1
4428;7
3469;1
3552;0
1261;1
4879;9
2195;1
1836;0
2658;1
3745;0
4167;6
2274;0
509;1
4310;6
2296;1
2066;0
1204;0
3564;0
2392;1
2864;0
397;0
3032;0
1171;0
508;0
4558;11
1856;0
1952;1
3058;0
1966;1
3071;1
2162;0
2203;0
3984;14
1801;1
740;0
419;2
1483;0
4854;12
2995;0
2314;2
4683;10
2118;1
4486;9
4739;7
4922;12
60;2
4670;13
3735;0
2155;0
3573;0
2128;0
2978;1
3841;8
3534;0
3463;1
2881;0
2562;0
3844;7
1851;1
4949;9
2510;0
3283;0
756;0
3909;17
532;0
4060;11
4754;10
2384;2
1138;0
3484;1
2278;0
4318;11
2085;0
4056;9
2189;0
4040;4
4980;17
153;0
3168;1
2514;1
4081;14
4499;10
2133;1
3867;10
1190;0
2480;0
1228;0
2733;1
4126;15
4308;13
1889;0
1868;1
279;1
245;0
186;1
3343;0
3256;0
518;0
1308;1
3843;10
2780;2
4762;5
2610;0
271;0
4841;7
2299;0
4859;18
200;1
2539;0
3282;1
3740;0
2415;2
3096;0
2848;0
117;2
4119;9
2121;0
1155;0
3515;0
969;0
1331;1
4887;13
2925;0
1963;2
4885;9
3869;11
4223;13
4462;8
2806;0
2657;0
1398;0
1120;1
617;0
4029;10
4055;15
2394;0
4531;13
3461;1
4955;11
4829;16
2974;0
2596;0
3827;12
2758;2
1674;0
2648;1
2216;0
1950;0
1437;0
2175;0
1304;0
1041;0
4788;8
4140;9
4093;4
381;0
3866;16
4190;8
3471;0
3113;1
4409;10
1690;0
4598;10
2624;0
1647;0
3856;12
292;3
2393;1
1879;2
1272;1
4549;10
3472;0
3092;0
3558;0
3775;12
668;1
3174;1
4261;9
1572;1
4998;15
127;1
3709;0
2770;0
1141;0
2604;0
1652;2
1863;0
2105;0
2014;1
3595;1
2538;2
1754;1
4229;6
3516;0
3204;0
3017;0
4089;7
416;0
1743;1
1147;0
3527;0
692;5
4768;13
3259;0
1576;0
2173;1
1382;0
4295;10
2063;1
3968;11
1146;0
4968;5
995;0
3692;1
339;0
1335;2
4850;17
233;0
2018;0
425;0
3154;1
2271;2
3838;11
3149;0
192;0
4983;11
942;0
2679;0
4163;9
4820;16
3870;11
188;3
3012;0
4363;14
3045;0
2664;0
3912;8
468;0
1535;0
1780;1
1148;0
1792;1
665;0
1066;0
1840;0
308;1
4429;8
1290;1
2734;0
311;0
2872;1
2080;1
4566;10
4297;9
120;0
4577;15
370;0
2971;0
1749;0
4201;11
4417;11
3216;0
278;0
4787;12
4858;16
2559;0
1813;0
2563;1
1001;0
2652;1
778;2
2100;0
2092;0
1981;1
3831;12
837;1
3890;12
1198;0
4179;8
1028;0
118;1
382;0
3657;0
2040;0
2613;0
1037;0
4851;11
4505;13
2326;1
2270;1
811;0
4759;5
507;1
3628;0
3253;1
4865;10
236;0
3487;0
933;0
286;0
3549;0
4017;12
3287;0
4805;16
3031;1
1812;0
3196;0
3563;0
3100;1
4661;13
3346;1
1067;1
1905;1
3352;0
4181;8
2107;0
4387;17
4532;7
2585;0
349;0
2201;0
4340;8
624;0
525;0
4554;12
4722;8
3439;0
3059;0
17;0
3044;1
4495;8
4572;5
1386;0
895;0
2788;0
1639;1
3068;0
1854;0
2019;0
2779;0
368;1
1877;1
3245;0
1833;0
2188;0
1799;0
2355;0
4565;9
3597;3
3817;13
1523;0
2101;0
1277;0
1763;1
3280;0
3871;9
171;1
4909;8
537;1
1568;0
4390;17
993;0
211;1
4534;9
2478;0
1362;0
2388;2
3887;14
4294;8
1413;1
3102;1
4848;8
3001;1
3618;0
974;0
2142;2
3845;7
3221;1
4521;10
4528;11
3823;7
147;0
1226;0
1317;0
2453;0
2477;1
4447;14
2964;0
3930;13
533;1
650;1
2633;0
373;0
332;1
3835;17
380;0
2819;1
4687;10
3862;16
4794;6
935;0
1408;0
3401;1
2839;0
1983;0
1506;1
3119;0
3375;0
631;0
4136;13
4766;6
2898;2
2695;1
458;0
2886;0
1418;1
3884;12
1249;0
1164;0
3143;0
4710;9
3111;0
2728;1
4010;14
2948;1
2187;0
4039;4
499;2
1942;0
2809;0
1445;0
1136;1
4236;10
3706;1
1717;0
594;0
2153;1
1850;0
3696;0
2889;0
4875;10
1595;1
536;0
414;1
334;0
1848;0
4500;13
2771;0
4644;10
2729;0
11;1
958;1
1541;0
4928;14
2044;1
2706;0
2947;0
3301;0
3142;0
3197;0
1529;0
2783;0
2313;0
400;0
49;0
3278;0
4591;8
139;0
4033;14
1565;0
3752;11
4208;9
63;0
599;0
4918;15
4168;13
4803;9
3038;1
1936;0
3074;1
4300;6
821;1
3822;9
4042;20
316;1
3607;1
435;1
2166;1
4541;11
366;0
3958;8
4960;13
2525;1
2609;1
1874;0
2954;0
2589;2
4981;8
4540;4
1392;0
3502;0
3926;9
4843;10
2068;1
1727;0
2895;0
20;1
3813;14
3507;1
2096;0
4527;9
3305;1
3987;13
4226;14
2697;1
612;1
4915;13
3384;0
3786;10
2687;2
2429;1
87;1
1080;1
3615;0
2867;1
4812;14
923;0
1420;0
1283;2
2139;1
1701;0
2426;0
4176;12
4806;13
3064;1
1555;0
3660;2
4076;10
2148;0
1296;0
2615;2
1485;0
4210;9
1695;1
4399;9
4989;16
313;0
1292;0
3832;11
4655;14
3568;0
2241;0
114;0
4543;7
1926;0
4011;9
4254;7
3086;1
62;0
4921;11
37;1
1287;0
4866;12
404;0
2957;0
1360;2
3404;1
4334;6
2944;0
3988;11
4352;13
4412;11
374;0
1114;0
4905;8
2486;0
4657;10
4872;14
2126;0
607;3
3774;14
1126;0
4563;16
4951;8
1314;0
822;0
3272;1
1789;0
1406;0
1440;1
4360;15
3150;1
3476;1
3121;0
3605;0
3702;2
2089;1
1069;0
2750;0
2219;0
1750;0
953;0
1476;0
3993;12
772;0
3286;1
3300;0
1008;1
3732;0
3785;13
797;0
1955;0
38;1
428;1
568;1
526;0
4899;12
4315;10
651;0
595;0
2911;2
3087;0
3543;0
4705;11
4630;10
3914;14
686;0
2537;1
312;1
2600;0
2900;0
2786;0
4503;11
1976;1
412;1
1547;1
3923;9
1912;0
2375;0
703;0
3736;0
3766;13
3919;11
2055;1
150;1
4404;16
4991;13
2264;1
122;1
2941;0
1560;0
252;0
2302;0
7;0
1396;0
4769;7
268;1
1849;0
3133;1
4153;8
2892;1
99;0
856;0
1255;0
3275;0
4750;14
4296;6
4094;16
4118;5
4831;10
1938;0
2047;0
1676;0
1571;1
1131;0
1492;0
4811;9
2233;1
1125;0
1258;1
223;0
1885;0
1549;0
3672;0
198;0
3242;0
2433;0
2165;0
862;0
473;0
3163;0
3244;0
547;0
3955;7
2295;1
135;0
2379;1
1488;0
3201;0
3474;0
3541;1
2301;0
1058;0
1233;0
2535;0
4813;12
4041;10
3883;15
2291;1
2208;0
1023;1
2160;1
598;0
1275;0
501;0
3893;9
4855;16
3592;0
2075;0
3495;1
3013;0
1505;0
1621;1
2719;0
3354;0
3400;0
3137;0
608;1
285;0
977;2
1471;2
3777;10
4180;7
59;1
3922;8
2595;0
1149;0
1322;0
1271;0
3077;0
787;0
4982;14
346;0
988;2
105;0
826;0
2929;1
3677;2
4653;9
1298;1
2859;0
4217;8
2348;3
1351;0
220;1
905;1
2267;1
3018;0
2897;0
1243;1
604;0
3855;11
2939;0
1266;0
359;0
492;0
2411;1
3082;2
2748;1
1536;0
4283;10
4370;9
1697;0
282;2
2692;0
940;0
3191;0
1583;0
119;0
1642;1
4618;8
2421;0
4255;10
3479;0
4096;9
4470;8
2157;0
4257;12
3757;12
1867;0
1764;0
4959;20
2057;0
4000;13
590;1
1411;0
2921;0
2883;1
4415;12
2146;0
3911;11
4999;8
4517;15
1824;1
4937;10
1306;0
246;0
1992;0
1134;1
3876;11
3225;1
1622;0
457;0
4684;7
2070;0
1545;0
908;1
1499;0
529;0
3291;0
4956;13
634;2
1346;2
3210;2
3619;0
92;0
2688;0
2572;1
2;1
4228;15
427;0
4068;13
4430;13
376;0
2147;1
429;1
3635;1
3953;10
30;0
3108;1
3685;0
2257;0
3398;1
1498;0
898;0
978;1
2890;0
3066;1
4487;12
2081;0
2193;0
3052;0
3313;0
4919;15
4929;8
2349;0
2053;0
4341;13
2711;1
3477;1
2418;0
761;1
1274;1
688;0
2462;0
1895;0
678;0
1197;1
1414;3
3639;2
88;1
3556;1
3328;0
103;1
3971;9
234;1
3132;0
4501;14
4796;11
1643;0
335;0
997;0
3128;0
2647;1
2244;1
2509;0
2423;1
257;1
2926;0
3594;0
1637;0
4561;13
50;2
2120;0
2045;0
3627;0
2849;0
4127;6
4575;8
593;0
1394;1
1450;1
93;0
3701;0
4480;14
420;0
689;0
3758;9
2454;0
299;0
2292;0
3680;1
2916;3
4737;15
3973;14
1928;2
2710;0
1796;0
3046;2
827;0
4135;8
165;0
4025;10
2736;0
4508;7
3848;9
879;0
1453;0
1087;0
190;0
1882;1
3251;0
4853;7
1516;1
440;0
4894;11
1509;0
1820;0
4372;12
3755;9
2960;0
4231;13
1662;0
2841;0
2122;0
534;0
3230;0
2321;0
3240;0
3891;11
3530;0
2489;0
3166;1
2702;1
3459;1
453;2
72;0
3750;9
300;0
3756;5
179;0
1091;0
1151;2
3377;0
2149;0
375;0
3473;0
4886;10
2182;0
1421;0
214;0
2924;0
775;0
4948;9
2229;2
1923;1
4551;14
4748;12
1189;0
4988;14
829;0
2028;0
1564;0
4923;11
101;1
3690;1
1839;1
3335;0
3640;3
2138;0
1026;0
1579;0
4316;13
2742;1
1025;1
2669;0
2629;0
449;1
1705;1
